スポット,レビュー数,URL
レゴランド・ディスカバリー・センター東京,3678,https://www.jalan.net/kankou/spt_guide000000186273/
浅草寺,7686,https://www.jalan.net/kankou/spt_13106ag2130012302/
東京スカイツリー,2240,https://www.jalan.net/kankou/spt_13107ad3352086481/
マクセル アクアパーク品川,2193,https://www.jalan.net/kankou/spt_guide000000178229/
東京タワー,3388,https://www.jalan.net/kankou/spt_13103ad3350046722/
羽田空港（東京国際空港）,4155,https://www.jalan.net/kankou/spt_13111ae2190023048/
東京ドーム天然温泉 スパ ラクーア,898,https://www.jalan.net/kankou/spt_13105cd2112063203/
2階建てオープンバス『スカイバス』・水陸両用バス『スカイダック』,158,https://www.jalan.net/kankou/spt_guide000000201018/
東京駅,6961,https://www.jalan.net/kankou/spt_13101ae2180022229/
サンシャイン水族館,2629,https://www.jalan.net/kankou/spt_13116cc3320040636/
タイムズ　スパ・レスタ,209,https://www.jalan.net/kankou/spt_guide000000187820/
東京ソラマチ,5156,https://www.jalan.net/kankou/spt_guide000000179699/
THE SPA 西新井,125,https://www.jalan.net/kankou/spt_guide000000214529/
すみだ水族館,1530,https://www.jalan.net/kankou/spt_guide000000179688/
アメ横,4593,https://www.jalan.net/kankou/spt_guide000000164172/
上野動物園,4452,https://www.jalan.net/kankou/spt_13106cc3310040182/
歌舞伎座,729,https://www.jalan.net/kankou/spt_guide000000188563/
靖国神社,1809,https://www.jalan.net/kankou/spt_13101ag2130009645/
東京・湯河原温泉　万葉の湯,63,https://www.jalan.net/kankou/spt_guide000000189933/
サンリオピューロランド,2042,https://www.jalan.net/kankou/spt_13224cc3540060089/
日本武道館,1512,https://www.jalan.net/kankou/spt_13101ae2190023096/
お台場,1655,https://www.jalan.net/kankou/spt_13103aj2202035427/
明治神宮,4128,https://www.jalan.net/kankou/spt_13113ag2130014473/
日枝神社,688,https://www.jalan.net/kankou/spt_13101ag2130009644/
築地場外市場,3694,https://www.jalan.net/kankou/spt_13102aj2200116193/
国立科学博物館,1641,https://www.jalan.net/kankou/spt_13106cc3290032252/
浅草花やしき,1984,https://www.jalan.net/kankou/spt_13106cc3540060086/
新宿御苑,2687,https://www.jalan.net/kankou/spt_13104ah2140016473/
高尾山,764,https://www.jalan.net/kankou/spt_guide000000187656/
東京国立博物館,1013,https://www.jalan.net/kankou/spt_13106cc3290030118/
東京豊洲 万葉倶楽部,78,https://www.jalan.net/kankou/spt_guide000000224515/
しながわ水族館,847,https://www.jalan.net/kankou/spt_13109cc3320040653/
深大寺,929,https://www.jalan.net/kankou/spt_13208ag2130016039/
増上寺,1514,https://www.jalan.net/kankou/spt_13103ag2130009733/
遊園地よみうりランド,416,https://www.jalan.net/kankou/spt_guide000000184226/
国立新美術館,723,https://www.jalan.net/kankou/spt_guide000000186357/
東京ドーム,2931,https://www.jalan.net/kankou/spt_13105cc3540060340/
明治神宮外苑,720,https://www.jalan.net/kankou/spt_13104ah3330042204/
神田神社（神田明神）,770,https://www.jalan.net/kankou/spt_13101ag2130012934/
三越日本橋本店,1493,https://www.jalan.net/kankou/spt_13102ga3552041243/
谷中ぎんざ商店街,539,https://www.jalan.net/kankou/spt_guide000000188551/
根津神社,543,https://www.jalan.net/kankou/spt_guide000000186762/
RAKU SPA 1010　神田,34,https://www.jalan.net/kankou/spt_guide000000212096/
日本橋高島屋S.C.,775,https://www.jalan.net/kankou/spt_13102ga3552041235/
上野恩賜公園,1561,https://www.jalan.net/kankou/spt_13106ah3330041103/
穴守稲荷神社,200,https://www.jalan.net/kankou/spt_guide000000189293/
東京大神宮,958,https://www.jalan.net/kankou/spt_guide000000178161/
国営昭和記念公園,2678,https://www.jalan.net/kankou/spt_13202ah3330042640/
東京都庁舎展望室,2237,https://www.jalan.net/kankou/spt_13104aj2200025349/
皇居外苑,1030,https://www.jalan.net/kankou/spt_13101ah3330042201/
泉岳寺,608,https://www.jalan.net/kankou/spt_13103ag2130013285/
西武池袋本店,1706,https://www.jalan.net/kankou/spt_guide000000151594/
女性専用サウナ　ルビーパレス,54,https://www.jalan.net/kankou/spt_guide000000208342/
ダイバーシティ東京 プラザ,1767,https://www.jalan.net/kankou/spt_guide000000179689/
浅草ROXまつり湯,33,https://www.jalan.net/kankou/spt_guide000000216455/
おふろの王様 多摩百草店,38,https://www.jalan.net/kankou/spt_guide000000199153/
日原鍾乳洞,208,https://www.jalan.net/kankou/spt_13308ab2070138735/
井の頭恩賜公園,2012,https://www.jalan.net/kankou/spt_13204ah3332024123/
水天宮,1187,https://www.jalan.net/kankou/spt_13102ag2130009646/
秋川渓谷 瀬音の湯,265,https://www.jalan.net/kankou/spt_13228cd2112046077/
北の丸公園,248,https://www.jalan.net/kankou/spt_13101ah3330041098/
花園神社,600,https://www.jalan.net/kankou/spt_13104ag2130009655/
東京国際フォーラム,1841,https://www.jalan.net/kankou/spt_guide000000151739/
巣鴨地蔵通り商店街,1291,https://www.jalan.net/kankou/spt_13116aj2200023444/
アートアクアリウム美術館 GINZA,39,https://www.jalan.net/kankou/spt_guide000000223850/
日本科学未来館,1011,https://www.jalan.net/kankou/spt_guide000000173973/
六義園,908,https://www.jalan.net/kankou/spt_13105ah2140016676/
天然温泉平和島,174,https://www.jalan.net/kankou/spt_guide000000183599/
日比谷公園,1590,https://www.jalan.net/kankou/spt_13101ah3330043118/
東武百貨店　池袋店,957,https://www.jalan.net/kankou/spt_guide000000151586/
縁切榎,40,https://www.jalan.net/kankou/spt_13119ac2100126800/
伊勢丹新宿店,2633,https://www.jalan.net/kankou/spt_guide000000151609/
小石川後楽園,617,https://www.jalan.net/kankou/spt_13105ah2140016609/
国立国会図書館,757,https://www.jalan.net/kankou/spt_13101cc3290030105/
東京ドームシティ アトラクションズ,1425,https://www.jalan.net/kankou/spt_13105cc3540060470/
新大久保コリアタウン,1435,https://www.jalan.net/kankou/spt_guide000000179605/
日本橋,1820,https://www.jalan.net/kankou/spt_13102ae2180021781/
波浮港,132,https://www.jalan.net/kankou/spt_13361ad2150016800/
池上本門寺,358,https://www.jalan.net/kankou/spt_13111ag2130015172/
コニカミノルタプラネタリウム“満天”in Sunshine City,566,https://www.jalan.net/kankou/spt_13116cc3362013806/
おふろの王様（大井町店）,157,https://www.jalan.net/kankou/spt_guide000000188546/
東京ミッドタウン,699,https://www.jalan.net/kankou/spt_guide000000191812/
東京荻窪　天然温泉　なごみの湯,97,https://www.jalan.net/kankou/spt_guide000000191423/
築地本願寺,1036,https://www.jalan.net/kankou/spt_13102ag2130009647/
三菱一号館美術館,560,https://www.jalan.net/kankou/spt_guide000000184290/
椿山荘 庭園,482,https://www.jalan.net/kankou/spt_guide000000197127/
サンシャインシティ,1605,https://www.jalan.net/kankou/spt_13116aj2200023450/
お台場海浜公園,2338,https://www.jalan.net/kankou/spt_13103ah3330042069/
東京都葛西臨海水族園,1449,https://www.jalan.net/kankou/spt_13123cc3320040660/
マダム・タッソー東京,60,https://www.jalan.net/kankou/spt_guide000000186272/
湯島天満宮,871,https://www.jalan.net/kankou/spt_13105ag2130009727/
原宿竹下通り,3735,https://www.jalan.net/kankou/spt_13113aj2200023486/
浜離宮恩賜庭園,1104,https://www.jalan.net/kankou/spt_13102ah2140016179/
恵比寿ガーデンプレイス,2384,https://www.jalan.net/kankou/spt_13113ae2190022809/
明治座,218,https://www.jalan.net/kankou/spt_13102ae2190023009/
サンシャイン60展望台 てんぼうパーク,452,https://www.jalan.net/kankou/spt_guide000000187623/
国会議事堂,870,https://www.jalan.net/kankou/spt_13101ae2190023107/
小網神社,108,https://www.jalan.net/kankou/spt_13102ag2132082330/
浅草文化観光センター,833,https://www.jalan.net/kankou/spt_13106cc3290030117/
八王子城跡,100,https://www.jalan.net/kankou/spt_guide000000195720/